,header
0,Please click 
1, if you are not redirected within a few seconds.
2,Any time
3,All results
4, hey
5,/hā/
6,"used to attract attention, to express surprise, interest, or annoyance, or to elicit agreement."
7,"HEY - Email at its best, new from Basecamp."
8,hey.com
9,"Email at its best, new from Basecamp.
"
10, · 
11, · 
12, · 
13,How HEY Works | HEY
14,hey.com › how-it-works
15,"Email as you know it is out the door. Email as you want it just arrived. HEY's totally familiar, but completely different. The Imbox. Got 37 minutes? Really curious ..."
16,Is Hey a slang word?
17,Is Hey Email good?
18,What type of word is hey?
19,How do you use hey in a sentence?
20,Hey | Definition of Hey by Merriam-Webster
21,www.merriam-webster.com › dictionary › hey
22,"Hey definition is - —used especially to call attention or to express interrogation, surprise, or exultation. How to use hey in a sentence."
23,Hey
24,Website · 
25,View all
26,"Hey is a premium email service launched by Basecamp in June 2020. The service may be accessed through the Hey website and through apps for macOS, Windows, Linux, Android and iOS. Due to the service's vertical integration, a Hey mailbox cannot be... "
27,People also search for
28,Spark
29,Spike
30,Airmail
31,Microsoft Outlook
32,Tutanota
33,Yahoo! Mail
34,See results about
35,Artist: 
36,"
Album: "
37,Hey is a wildly opinionated new email service from the makers of ...
38,www.theverge.com › hey-email-basecamp-price-availability-platforms-laun...
39,"The reason is Hey, a new email service from Basecamp. It's a genuinely original take on messaging that feels like the first interesting thing to ..."
40,Katy Perry - Hey Hey Hey (Official) - YouTube
41,www.youtube.com › watch
42,"Get ""Hey Hey Hey"" from Katy's new album 'Witness': http://katy.to/WitnessYdKaty Perry ...Duration: 3:46
Posted: Dec 20, 2017"
43,Hey - YouTube
44,www.youtube.com › watch
45,"Hey · Pixies Doolittle ℗ 1989 4AD Ltd Released on: 1989-04-17 Associated Performer: Black ...Duration: 3:32
Posted: Jan 1, 2020"
46,HEY Email on the App Store
47,apps.apple.com › app › hey-email
48,"Read reviews, compare customer ratings, see screenshots, and learn more about HEY Email. Download HEY Email and enjoy it on your iPhone, iPad, and iPod ..."
49,hey - Wiktionary
50,en.wiktionary.org › wiki › hey
51,"InterjectionEdit · An exclamation to get attention. Hey, look at this! · A protest or reprimand. Hey! · An expression of surprise. Hey! · An informal greeting, similar to hi."
52,Hey | Definition of Hey at Dictionary.com
53,www.dictionary.com › browse › hey
54,"Hey definition, (used as an exclamation to call attention or to express pleasure, surprise, bewilderment, etc.) See more."
55,HEY Email - Apps on Google Play
56,play.google.com › store › apps › details › id=com.basecamp.hey
57,"Email's new heyday. Email sucked for years. Not anymore — we fixed it. HEY's fresh approach transforms email into something you want to use, not something ..."
58,HEY email
59,Hey definition
60,Hey Hey
61,Hey meme
62,Hey Gmail
63,Hey app
64,Hey meaning
65,Hey cost
